{
  "train_loss": [
    0.7425187127131087,
    0.315208890120517,
    0.22119655564418575,
    0.15358866568120078,
    0.13234231518928075,
    0.09304201146131146,
    0.0794221801134305,
    0.07020400681494962,
    0.06785691907322414,
    0.05111309560978476,
    0.034300894190420324,
    0.03403508570980406,
    0.04349784579235847,
    0.023327976976820018,
    0.030571424449055206,
    0.023270981573888662,
    0.019431698363773828,
    0.01897618491219096,
    0.015024667245991049,
    0.014843322539661351,
    0.013209816417725602,
    0.012875238255247235,
    0.009724147397363575,
    0.008406076184762735,
    0.009725025014999134,
    0.007913876823421921,
    0.006922817232865098,
    0.007785587001380682,
    0.00717490498054656
  ],
  "train_acc": [
    0.7020082693443591,
    0.8842291789722386,
    0.9217365623154165,
    0.9471352628470171,
    0.9533372711163615,
    0.9669226225634967,
    0.9751919669226226,
    0.9737152982870644,
    0.9802126402835204,
    0.9846426461901949,
    0.9881866509155346,
    0.9899586532782044,
    0.9861193148257531,
    0.9940933254577673,
    0.9899586532782044,
    0.9949793266391022,
    0.9952746603662138,
    0.994388659184879,
    0.9949793266391022,
    0.996751329001772,
    0.9958653278204371,
    0.9955699940933255,
    0.997637330183107,
    0.9973419964559953,
    0.9979326639102185,
    0.997637330183107,
    0.9988186650915535,
    0.997637330183107,
    0.9970466627288836
  ],
  "val_loss": [
    0.31581572071598496,
    0.22000118318601702,
    0.16761743508050345,
    0.13556879343152328,
    0.1153050295427336,
    0.1009298650367322,
    0.0690212135443169,
    0.0664874923461718,
    0.06512446731469873,
    0.04883650920175491,
    0.05047362147176519,
    0.03788521977462949,
    0.025719684445195727,
    0.03478681337502268,
    0.033691678319487446,
    0.04298379391114762,
    0.01753239515050365,
    0.01831361142385654,
    0.022882746964094206,
    0.015924448213467363,
    0.003527837479597147,
    0.03015894898990649,
    0.01165418124517721,
    0.0059304752774607065,
    0.002694930720537126,
    0.002852503039123354,
    0.0011633365559798993,
    0.002210364462895843,
    0.0011765699163211365
  ],
  "val_acc": [
    0.8794326241134752,
    0.9243498817966903,
    0.9432624113475178,
    0.9621749408983451,
    0.9621749408983451,
    0.9739952718676123,
    0.9858156028368794,
    0.983451536643026,
    0.983451536643026,
    0.9810874704491725,
    0.9810874704491725,
    0.9905437352245863,
    0.9929078014184397,
    0.9929078014184397,
    0.9929078014184397,
    0.9881796690307328,
    0.9952718676122931,
    0.9881796690307328,
    0.9929078014184397,
    0.9929078014184397,
    1.0,
    0.9952718676122931,
    0.9952718676122931,
    0.9952718676122931,
    1.0,
    1.0,
    1.0,
    1.0,
    1.0
  ],
  "lr": [
    0.0009990232305719944,
    0.0009960967771506664,
    0.0009912321891107007,
    0.0009844486647586721,
    0.0009757729755661009,
    0.0009652393605146842,
    0.0009528893909706795,
    0.0009387718066217122,
    0.0009229423231234972,
    0.0009054634122155987,
    0.0008864040551740153,
    0.0008658394705735984,
    0.0008438508174347006,
    0.000820524874925601,
    0.000795953699884774,
    0.000770234263514603,
    0.0007434680686803488,
    0.0007157607493247108,
    0.0006872216535789154,
    0.0006579634122155987,
    0.0006281014941466028,
    0.0005977537507199335,
    0.0005670399506143305,
    0.0005360813071670099,
    0.0005049999999999998,
    0.0004739186928329897,
    0.0004429600493856692,
    0.0004122462492800661,
    0.0003818985058533967
  ]
}